Manufacturer number,Article Number,EAN,Technical details,Product category,Technical specifications,Picture normal reduced,Depth m,Width m,Length m,Weight kg,Delivery time days,Type of product,Price quantity,ETIM Features,ETIM,ECLASS Features,ECLASS,PROFICLASS Features,PROFICLASS,Product features,Short description,Short description 2,Long description,Language,Manufacturer name,Is Complete,Missing Fields Count,Description Quality
0 601 6B4 000,06016B4000,,"§Titel§Akku-Tauchsäge BITURBO GKT 18V-52 GC Professional§|§Neuheit bis§01.08.2020§|§SOL Datum§01.05.2020§|§Verpackungsabmessungen (Breite)§360§mm|§Verpackungsabmessungen (Länge)§444§mm|§Verpackungsabmessungen (Höhe)§254§mm|§Verpackungsabmessungen (Breite x Länge x Höhe)§360 x 444 x 254§mm|§Akkuspannung§18,0 V§|§Sägeblattbohrungs-Ø§20§mm|§Leerlaufdrehzahl, von§2.800§min-1|§Leerlaufdrehzahl, bis zu§5.500§min-1|§Leerlaufdrehzahl§2.800 – 5.500§min-1|§Gewicht exkl. Akku§4,1§kg|§Sägeblattdurchmesser§140§mm|§Führungsplatte (Länge)§305§mm|§Führungsplatte (Breite)§169§mm|§Führungsplatte§305 x 169§mm|§Neigungswinkel, von§-1§°|§Neigungswinkel, bis§47§°|§Neigungswinkel§-1 - 47§°|§Werkzeugabmessungen (Breite)§209§mm|§Werkzeugabmessungen (Länge)§374§mm|§Werkzeugabmessungen (Höhe)§234§mm|§Schnitttiefe ohne Führungsschiene (90°)§52§mm|§Schnitttiefe mit Führungsschiene (90°)§46§mm|§Schnitttiefe ohne Führungsschiene (45°)§32§mm|§Schnitttiefe mit Führungsschiene (45°)§32§mm|§Unterteilung der Produktkategorien§Akku-Tauchsäge BITURBO§",,,'https://www.nexmart.com/media/catalog/ampshare/bosch/img-rd-298552-117_jpg/detail.jpg/normal.jpg,0.254,0.36,0.444,4.032,,main_product,1,,,,,,,,Akku-Tauchsäge BITURBO GKT 18V-52 GC in L-BOXX,GKT 18V-52 GC (L) solo CLC,"Akku-Tauchsäge BITURBO GKT 18V-52 GC, Die Akku-Tauchsäge GKT 18V-52 GC Professional aus dem 18V-Sortiment von Bosch bietet die Leistung eines Netzgeräts und ist extrem kompakt. Ihre innovative BITURBO Brushless-Technologie mit bürstenlosem Hochleistungsmotor und ProCORE18V liefert maximale kabellose Schnittleistung auf demselben Niveau wie entsprechende kabelgebundene Tauchsägen mit 1.620 Watt. Dank ihres einzigartigen kompakten Designs, das den Betrieb mit nur einem Akku ermöglicht, bietet die Säge höchste Mobilität. Ihre sehr kompakte Bauform ermöglicht einen minimalen Abstand von nur 10 mm zwischen Sägeblatt und Wand. Diese Tauchsäge eignet sich für Tauchschnitte in Holz, Holzverbundwerkstoffen, Platten und Plattenwerkstoffen sowie in Aluminium und Acrylglas. Es kann mit Staubsack verwendet werden und ist kompatibel mit dem Bosch Click & Clean System und den Führungsschienensystemen von Bosch, Festool, Mafell und Makita sowie mit allen Bosch Professional 18V-Akkus und -Ladegeräten (Professional 18V System). Für maximale Leistung ProCORE18V ≥ 5,5 Ah verwenden. Auch kompatibel mit AMPShare, der markenübergreifenden Akku-Allianz. Die GKT 18V-52 GC Professional zeichnet sich zudem durch konstante Drehzahl, Eco-Modus für eine bis zu 20 % längere Laufzeit, HMI, individuelle Drehzahleinstellung per App, Überlastschutz, Wiederanlaufschutz, Sanftanlauf und Spindelarretierung aus. 1 x Kreissägeblatt, Expert for Wood für Akku-Sägen, 140 x 1,8/1,3 x 20 mm, 42 (2 608 644 500). L-BOXX 238 (1 600 A01 2G2). Staubbeutel (2 608 000 696). 1 x Bluetooth Low Energy Modul GCY 42 Professional (1 600 A01 3WF). Innensechskantschlüssel",de,BOSCH,False,11,bad
0 601 6B4 000,06016B4000,,"§Titel§Akku-Tauchsäge BITURBO GKT 18V-52 GC Professional§|§Neuheit bis§01.08.2020§|§SOL Datum§01.05.2020§|§Verpackungsabmessungen (Breite)§360§mm|§Verpackungsabmessungen (Länge)§444§mm|§Verpackungsabmessungen (Höhe)§254§mm|§Verpackungsabmessungen (Breite x Länge x Höhe)§360 x 444 x 254§mm|§Akkuspannung§18,0 V§|§Sägeblattbohrungs-Ø§20§mm|§Leerlaufdrehzahl, von§2.800§min-1|§Leerlaufdrehzahl, bis zu§5.500§min-1|§Leerlaufdrehzahl§2.800 – 5.500§min-1|§Gewicht exkl. Akku§4,1§kg|§Sägeblattdurchmesser§140§mm|§Führungsplatte (Länge)§305§mm|§Führungsplatte (Breite)§169§mm|§Führungsplatte§305 x 169§mm|§Neigungswinkel, von§-1§°|§Neigungswinkel, bis§47§°|§Neigungswinkel§-1 - 47§°|§Werkzeugabmessungen (Breite)§209§mm|§Werkzeugabmessungen (Länge)§374§mm|§Werkzeugabmessungen (Höhe)§234§mm|§Schnitttiefe ohne Führungsschiene (90°)§52§mm|§Schnitttiefe mit Führungsschiene (90°)§46§mm|§Schnitttiefe ohne Führungsschiene (45°)§32§mm|§Schnitttiefe mit Führungsschiene (45°)§32§mm|§Unterteilung der Produktkategorien§Akku-Tauchsäge BITURBO§",,,'https://www.nexmart.com/media/catalog/ampshare/bosch/img-rd-298552-117_jpg/detail.jpg/normal.jpg,0.254,0.36,0.444,4.032,,main_product,1,,,,,,,,Cordless plunge saw BITURBO GKT 18V-52 GC in L-BOXX,,,en,BOSCH,False,13,bad
0 601 9J4 002,06019J4002,,"§Titel§Akku-Winkelschleifer GWS 18V-10 Professional§|§Neuheit bis§01.08.2020§|§Verpackungsabmessungen (Breite)§160§mm|§Verpackungsabmessungen (Länge)§395§mm|§Verpackungsabmessungen (Höhe)§135§mm|§Verpackungsabmessungen (Breite x Länge x Höhe)§160 x 395 x 135§mm|§Akkuspannung§18,0 V§|§Leerlaufdrehzahl, bis zu§9.000§min-1|§Leerlaufdrehzahl§9.000§min-1|§Schleifspindelgewinde§M14§|§Gewicht exkl. Akku§2,1§kg|§Scheiben-Ø§125§mm|§Unterteilung der Produktkategorien§Akku-Winkelschleifer§",,,'https://www.nexmart.com/media/catalog/ampshare/bosch/img-rd-318277-117_jpg/detail.jpg/normal.jpg,0.135,0.16,0.395,1.4240000000000002,,main_product,1,,,,,,,,"Akku-Winkelschleifer GWS 18V-10, 125 mm,","GWS 18V-10 (C, 125 mm) CLC","Akku-Winkelschleifer GWS 18V-10, Der kleine Akku-Winkelschleifer GWS 18V-10 Professional bietet verbesserte Leistungsfähigkeit und Werkzeugkontrolle in der 18V-Kategorie. Er bietet dank dem leistungsstarken bürstenlosen Motor und der ProCORE18V-Akkutechnologie über den Akku dieselbe Leistung wie ein kabelgebundener Schleifer mit 1.000 Watt. Dank Drop Control, KickBack Control und Intelligent Brake System bietet dieser kleine Winkelschleifer höheren Anwenderschutz und mehr Komfort. Er verfügt weltweit über die erste Drop Control-Funktion, über die der Schleifer nach einem versehentlichen Sturz auf den Boden sofort ausgeschaltet wird. Dieses Werkzeug eignet sich zum Schneiden und Abschleifen von Metall, Stein und Beton. Das Gerät ist kompatibel mit allen Bosch Professional 18V-Akkus und -Ladegeräten (Professional 18V System). Auch kompatibel mit AMPShare, der markenübergreifenden Akku-Allianz. Der GWS 18V-10 Professional verfügt auch über eine Schnellspannmutter. Aufnahmeflansch (ET-Nr. 2 605 703 014). Schnellspannmutter (2 608 000 684). Schutzhaube (1 605 510 365). Karton",de,BOSCH,False,11,bad
0 601 9J4 002,06019J4002,,"§Titel§Akku-Winkelschleifer GWS 18V-10 Professional§|§Neuheit bis§01.08.2020§|§Verpackungsabmessungen (Breite)§160§mm|§Verpackungsabmessungen (Länge)§395§mm|§Verpackungsabmessungen (Höhe)§135§mm|§Verpackungsabmessungen (Breite x Länge x Höhe)§160 x 395 x 135§mm|§Akkuspannung§18,0 V§|§Leerlaufdrehzahl, bis zu§9.000§min-1|§Leerlaufdrehzahl§9.000§min-1|§Schleifspindelgewinde§M14§|§Gewicht exkl. Akku§2,1§kg|§Scheiben-Ø§125§mm|§Unterteilung der Produktkategorien§Akku-Winkelschleifer§",,,'https://www.nexmart.com/media/catalog/ampshare/bosch/img-rd-318277-117_jpg/detail.jpg/normal.jpg,0.135,0.16,0.395,1.4240000000000002,,main_product,1,,,,,,,,,"GWS 18V-10 (C, 125 mm) CLC",,en,BOSCH,False,13,bad
0 601 9H6 000,06019H6000,,"§Titel§Akku-Winkelschleifer BITURBO GWS 18V-15 C Professional§|§Neuheit bis§15.11.2020§|§Verpackungsabmessungen (Breite)§100§mm|§Verpackungsabmessungen (Länge)§150§mm|§Verpackungsabmessungen (Höhe)§100§mm|§Verpackungsabmessungen (Breite x Länge x Höhe)§100 x 150 x 100§mm|§Akkuspannung§18,0 V§|§Gewicht inkl. Akku§3,2§kg|§Leerlaufdrehzahl, bis zu§9.800§min-1|§Leerlaufdrehzahl§9.800§min-1|§Schleifspindelgewinde§M14§|§Bohrung, Ø§22,2§mm|§Gewicht exkl. Akku§2,2§kg|§Scheiben-Ø§125§mm|§Unterteilung der Produktkategorien§Akku-Winkelschleifer BITURBO§",,,'https://www.nexmart.com/media/catalog/ampshare/bosch/img-rd-292812-117_jpg/detail.jpg/normal.jpg,0.1,0.1,0.15,2.3,,main_product,1,,,,,,,,Akku-Winkelschleifer BITURBO GWS 18V-15 C,GWS 18V-15 C 125 mm (L) solo CLC,"Akku-Winkelschleifer BITURBO GWS 18V-15 C, Der GWS 18V-15 C Professional ist der leistungsstarke Akku-Schleifer von Bosch im 18-V-Segment mit Leistungskapazität für industrielle Anwendungen. Dank seines starken, umfassend für die ProCORE18V-Akkutechnologie optimierten bürstenlosen Motors stellt er eine Akkuleistung entsprechend der Leistungsstärke eines kabelgebundenen Geräts mit 1.500 W bereit. Das Werkzeug kann mit einem optionalen Bluetooth Connectivity-Modul nachgerüstet werden. Ausgestattet mit KickBack Control, Drop Control, Intelligent Brake System und einer werkzeuglosen Schnellspannmutter bietet dieser Schleifer umfassende Werkzeugführung. Ist geeignet zum Abschleifen und Trennen von Metall. Kompatibel mit allen Bosch Professional 18V-Akkus und -Ladegeräten (Professional 18V System) – maximale Leistung mit ProCORE18V = 8,0 Ah – sowie mit den Absaughauben GDE 115/125 FC-T Professional und GDE 125 EA-T Professional. Auch kompatibel mit AMPShare, der markenübergreifenden Akku-Allianz. Der GWS 18V-15 C Professional zeichnet sich zudem durch konstante Drehzahl, Überlastschutz, eine schlüssellose Schutzhaube, Wiederanlaufschutz, Sanftanlauf und Vibration Control aus. Aufnahmeflansch (ET-Nr. 2 605 703 014). L-BOXX 136 (1 600 A01 2G0). Schutzhaube (1 605 510 365). Zusatzhandgriff Vibration Control (2 602 025 171). Schnellspannmutter (2 608 000 684)",de,BOSCH,False,11,bad
0 601 9H6 000,06019H6000,,"§Titel§Akku-Winkelschleifer BITURBO GWS 18V-15 C Professional§|§Neuheit bis§15.11.2020§|§Verpackungsabmessungen (Breite)§100§mm|§Verpackungsabmessungen (Länge)§150§mm|§Verpackungsabmessungen (Höhe)§100§mm|§Verpackungsabmessungen (Breite x Länge x Höhe)§100 x 150 x 100§mm|§Akkuspannung§18,0 V§|§Gewicht inkl. Akku§3,2§kg|§Leerlaufdrehzahl, bis zu§9.800§min-1|§Leerlaufdrehzahl§9.800§min-1|§Schleifspindelgewinde§M14§|§Bohrung, Ø§22,2§mm|§Gewicht exkl. Akku§2,2§kg|§Scheiben-Ø§125§mm|§Unterteilung der Produktkategorien§Akku-Winkelschleifer BITURBO§",,,'https://www.nexmart.com/media/catalog/ampshare/bosch/img-rd-292812-117_jpg/detail.jpg/normal.jpg,0.1,0.1,0.15,2.3,,main_product,1,,,,,,,,Cordless angle grinder BITURBO GWS 18V-15 C,GWS 18V-15 C 125 mm (L) solo CLC,,en,BOSCH,False,12,bad
0 601 9H6 100,06019H6100,,"§Titel§Akku-Winkelschleifer BITURBO GWS 18V-15 SC Professional§|§Neuheit bis§15.11.2020§|§Verpackungsabmessungen (Breite)§360§mm|§Verpackungsabmessungen (Länge)§440§mm|§Verpackungsabmessungen (Höhe)§155§mm|§Verpackungsabmessungen (Breite x Länge x Höhe)§360 x 440 x 155§mm|§Akkuspannung§18,0 V§|§Gewicht inkl. Akku§3,2§kg|§Leerlaufdrehzahl, von§3.400§min-1|§Leerlaufdrehzahl, bis zu§9.800§min-1|§Leerlaufdrehzahl§3.400 – 9.800§min-1|§Schleifspindelgewinde§M14§|§Bohrung, Ø§22,2§mm|§Gewicht exkl. Akku§2,3§kg|§Scheiben-Ø§125§mm|§Unterteilung der Produktkategorien§Akku-Winkelschleifer BITURBO§",,,'https://www.nexmart.com/media/catalog/ampshare/bosch/img-rd-293532-117_jpg/detail.jpg/normal.jpg,0.155,0.36,0.44,1.745,,main_product,1,,,,,,,,"Akku-Winkelschleifer BITURBO GWS 18V-15 SC, L-BOXX",GWS 18V-15 SC 125mm (L) solo CLC,"Akku-Winkelschleifer BITURBO GWS 18V-15 SC, Brauchst du bei deiner Arbeit die Freiheit eines Akku-Geräts aber die Leistung eines kabelgebundenen Geräts? Unser kraftvoller GWS 18V-15 SC Professional mit BITURBO Brushless Technologie liefert erstklassige, kabellose Leistung entsprechend einem kabelgebundenen 1.500-W-Gerät. Seine intelligente Bremse bringt die Scheibe schnell zum Stillstand, damit du das Werkzeug unbesorgt ablegen kannst. Das Werkzeug verfügt über ein User Interface, das dir Rückmeldung zum Status des Werkzeugs während des Betriebs gibt, und das standardmäßig die Einstellung von 3 verschiedenen Drehzahlstufen erlaubt. Darüber hinaus kann der Schleifer optional mit einem Bluetooth Connectivity-Modul nachgerüstet werden. Dies erlaubt die Einstellung von bis zu 6 individuellen Drehzahlstufen über die Bosch Toolbox App. Der Winkelschleifer bietet außerdem KickBack Control, Drop Control, Sanftanlauf, Vibration Control und eine Schnellspannmutter für bequeme Zubehörwechsel. Er ist deal zum Schleifen von Metall und Schweißnähten sowie zum Trennen von Metall, Beton, Ziegel und Fliesen. Für eine staubarme Arbeitsumgebung den GWS 18V-15 SC Professional in Kombination mit der Absaughaube GDE 125 EA-T Professional oder GDE 115/125 FC-T Professional verwenden. Kompatibel mit dem Bosch Professional 18V System und mit der markenübergreifenden AMPShare Akku-Allianz. Für maximale Leistung einen ProCORE18V ≥ 5,5 Ah verwenden. Aufnahmeflansch (ET-Nr. 2 605 703 014). L-BOXX 136 (1 600 A01 2G0). Schutzhaube (1 605 510 365). Zusatzhandgriff Vibration Control (2 602 025 171). Schnellspannmutter (2 608 000 684)",de,BOSCH,False,11,bad
0 601 9H6 100,06019H6100,,"§Titel§Akku-Winkelschleifer BITURBO GWS 18V-15 SC Professional§|§Neuheit bis§15.11.2020§|§Verpackungsabmessungen (Breite)§360§mm|§Verpackungsabmessungen (Länge)§440§mm|§Verpackungsabmessungen (Höhe)§155§mm|§Verpackungsabmessungen (Breite x Länge x Höhe)§360 x 440 x 155§mm|§Akkuspannung§18,0 V§|§Gewicht inkl. Akku§3,2§kg|§Leerlaufdrehzahl, von§3.400§min-1|§Leerlaufdrehzahl, bis zu§9.800§min-1|§Leerlaufdrehzahl§3.400 – 9.800§min-1|§Schleifspindelgewinde§M14§|§Bohrung, Ø§22,2§mm|§Gewicht exkl. Akku§2,3§kg|§Scheiben-Ø§125§mm|§Unterteilung der Produktkategorien§Akku-Winkelschleifer BITURBO§",,,'https://www.nexmart.com/media/catalog/ampshare/bosch/img-rd-293532-117_jpg/detail.jpg/normal.jpg,0.155,0.36,0.44,1.745,,main_product,1,,,,,,,,"Cordless angle grinder BITURBO GWS 18V-15 SC, L-BOXX",,,en,BOSCH,False,13,bad
0 601 9H6 300,06019H6300,,"§Titel§Akku-Winkelschleifer BITURBO GWS 18V-15 SC Professional§|§Neuheit bis§15.11.2020§|§Verpackungsabmessungen (Breite)§360§mm|§Verpackungsabmessungen (Länge)§442§mm|§Verpackungsabmessungen (Höhe)§152§mm|§Verpackungsabmessungen (Breite x Länge x Höhe)§360 x 442 x 152§mm|§Akkuspannung§18,0 V§|§Gewicht inkl. Akku§3,3§kg|§Leerlaufdrehzahl, von§2.600§min-1|§Leerlaufdrehzahl, bis zu§7.400§min-1|§Leerlaufdrehzahl§2.600 – 7.400§min-1|§Schleifspindelgewinde§M14§|§Bohrung, Ø§22,2§mm|§Gewicht exkl. Akku§2,3§kg|§Scheiben-Ø§150§mm|§Unterteilung der Produktkategorien§Akku-Winkelschleifer BITURBO§",,,'https://www.nexmart.com/media/catalog/ampshare/bosch/img-rd-293532-117_jpg/detail.jpg/normal.jpg,0.152,0.36,0.442,1.78,,main_product,1,,,,,,,,"Akku-Winkelschleifer BITURBO GWS 18V-15 SC, L-BOXX, GCY 42",GWS 18V-15 SC 150mm (L) solo CLC,"Akku-Winkelschleifer BITURBO GWS 18V-15 SC, Brauchst du bei deiner Arbeit die Freiheit eines Akku-Geräts aber die Leistung eines kabelgebundenen Geräts? Unser kraftvoller GWS 18V-15 SC Professional mit BITURBO Brushless Technologie liefert erstklassige, kabellose Leistung entsprechend einem kabelgebundenen 1.500-W-Gerät. Seine intelligente Bremse bringt die Scheibe schnell zum Stillstand, damit du das Werkzeug unbesorgt ablegen kannst. Das Werkzeug verfügt über ein User Interface, das dir Rückmeldung zum Status des Werkzeugs während des Betriebs gibt, und das standardmäßig die Einstellung von 3 verschiedenen Drehzahlstufen erlaubt. Darüber hinaus kann der Schleifer optional mit einem Bluetooth Connectivity-Modul nachgerüstet werden. Dies erlaubt die Einstellung von bis zu 6 individuellen Drehzahlstufen über die Bosch Toolbox App. Der Winkelschleifer bietet außerdem KickBack Control, Drop Control, Sanftanlauf, Vibration Control und eine Schnellspannmutter für bequeme Zubehörwechsel. Er ist deal zum Schleifen von Metall und Schweißnähten sowie zum Trennen von Metall, Beton, Ziegel und Fliesen. Für eine staubarme Arbeitsumgebung den GWS 18V-15 SC Professional in Kombination mit der Absaughaube GDE 125 EA-T Professional oder GDE 115/125 FC-T Professional verwenden. Kompatibel mit dem Bosch Professional 18V System und mit der markenübergreifenden AMPShare Akku-Allianz. Für maximale Leistung einen ProCORE18V ≥ 5,5 Ah verwenden. Aufnahmeflansch (ET-Nr. 2 605 703 014). L-BOXX 136 (1 600 A01 2G0). Zusatzhandgriff Vibration Control (2 602 025 171). Schnellspannmutter (2 608 000 684). Schutzhaube (1 605 510 366)",de,BOSCH,False,11,bad
0 601 9H6 300,06019H6300,,"§Titel§Akku-Winkelschleifer BITURBO GWS 18V-15 SC Professional§|§Neuheit bis§15.11.2020§|§Verpackungsabmessungen (Breite)§360§mm|§Verpackungsabmessungen (Länge)§442§mm|§Verpackungsabmessungen (Höhe)§152§mm|§Verpackungsabmessungen (Breite x Länge x Höhe)§360 x 442 x 152§mm|§Akkuspannung§18,0 V§|§Gewicht inkl. Akku§3,3§kg|§Leerlaufdrehzahl, von§2.600§min-1|§Leerlaufdrehzahl, bis zu§7.400§min-1|§Leerlaufdrehzahl§2.600 – 7.400§min-1|§Schleifspindelgewinde§M14§|§Bohrung, Ø§22,2§mm|§Gewicht exkl. Akku§2,3§kg|§Scheiben-Ø§150§mm|§Unterteilung der Produktkategorien§Akku-Winkelschleifer BITURBO§",,,'https://www.nexmart.com/media/catalog/ampshare/bosch/img-rd-293532-117_jpg/detail.jpg/normal.jpg,0.152,0.36,0.442,1.78,,main_product,1,,,,,,,,"Cordless angle grinder BITURBO GWS 18V-15 SC, L-BOXX, GCY 42",GWS 18V-15 SC 150mm (L) solo CLC,,en,BOSCH,False,12,bad
0 601 9H6 400,06019H6400,,"§Titel§Akku-Winkelschleifer BITURBO mit X-LOCK GWX 18V-15 C Professional§|§Neuheit bis§01.07.2020§|§Verpackungsabmessungen (Breite)§360§mm|§Verpackungsabmessungen (Länge)§450§mm|§Verpackungsabmessungen (Höhe)§155§mm|§Verpackungsabmessungen (Breite x Länge x Höhe)§360 x 450 x 155§mm|§Akkuspannung§18,0 V§|§Gewicht inkl. Akku§3,3§kg|§Leerlaufdrehzahl, bis zu§9.800§min-1|§Leerlaufdrehzahl§9.800§min-1|§Gewicht exkl. Akku§2,3§kg|§Scheiben-Ø§125§mm|§Unterteilung der Produktkategorien§Akku-Winkelschleifer BITURBO mit X-LOCK§",,,'https://www.nexmart.com/media/catalog/ampshare/bosch/img-rd-304190-117_jpg/detail.jpg/normal.jpg,0.155,0.36,0.45,1.865,,main_product,1,,,,,,,,"Akku-Winkelschleifer BITURBO mit X-LOCK GWX 18V-15 C, L-BOXX",GWX 18V-15 C 125mm (L) solo CLC,"Akku-Winkelschleifer BITURBO mit X-LOCK GWX 18V-15 C, Der GWX 18V-15 C Professional ist der leistungsstarke Akku-Schleifer von Bosch in der 18V-Kategorie mit Leistungskapazität für industrielle Anwendungen. Dank seines starken, umfassend für die ProCORE18V-Akkutechnologie optimierten bürstenlosen Motors stellt er eine Akkuleistung entsprechend der Leistungsstärke eines kabelgebundenen Geräts mit 1.500 W bereit. Dieser kleine Winkelschleifer ist mit dem schlüssellosen Klick-System X-LOCK ausgestattet, und ermöglicht damit ein schnelles und bequemes Wechseln der Einsatzwerkzeuge. Das Werkzeug kann mit einem optionalen Bluetooth Connectivity-Modul nachgerüstet werden. Der Schleifer bietet vollständige Werkzeugkontrolle dank X-LOCK, KickBack Control, Drop Control und der intelligenten Schnellbremse „X-Brake“. Ist geeignet zum Abschleifen und Trennen von Metall. Ist kompatibel mit allen Bosch Professional 18V-Akkus und -Ladegeräten (Professional 18V System) – maximale Leistung mit ProCORE18V = 5,5 Ah – sowie mit den Staubabsaugvorrichtungen GDE 115/125 FC-T Professional und GDE 125 EA-T Professional. Auch kompatibel mit AMPShare, der markenübergreifenden Akku-Allianz. Der GWX 18V-15 C Professional zeichnet sich zudem durch konstante Drehzahl, Überlastschutz, eine schlüssellose Schutzhaube, Wiederanlaufschutz, Sanftanlauf und Vibration Control aus. Schutzhaube (1 605 510 365). Zusatzhandgriff Vibration Control (2 602 025 171). 1/1 L-BOXX-Einlage für Gerät und Ladegerät (1 600 A01 166). L-BOXX 136 (1 600 A01 2G0)",de,BOSCH,False,11,bad
0 601 9H6 400,06019H6400,,"§Titel§Akku-Winkelschleifer BITURBO mit X-LOCK GWX 18V-15 C Professional§|§Neuheit bis§01.07.2020§|§Verpackungsabmessungen (Breite)§360§mm|§Verpackungsabmessungen (Länge)§450§mm|§Verpackungsabmessungen (Höhe)§155§mm|§Verpackungsabmessungen (Breite x Länge x Höhe)§360 x 450 x 155§mm|§Akkuspannung§18,0 V§|§Gewicht inkl. Akku§3,3§kg|§Leerlaufdrehzahl, bis zu§9.800§min-1|§Leerlaufdrehzahl§9.800§min-1|§Gewicht exkl. Akku§2,3§kg|§Scheiben-Ø§125§mm|§Unterteilung der Produktkategorien§Akku-Winkelschleifer BITURBO mit X-LOCK§",,,'https://www.nexmart.com/media/catalog/ampshare/bosch/img-rd-304190-117_jpg/detail.jpg/normal.jpg,0.155,0.36,0.45,1.865,,main_product,1,,,,,,,,"Cordless angle grinder BITURBO with X-LOCK GWX 18V-15 C, L-BOXX",GWX 18V-15 C 125mm (L) solo CLC,,en,BOSCH,False,12,bad
0 601 7B0 100,06017B0100,,"§Titel§Akku-Winkelschleifer mit X-LOCK GWX 18V-10 Professional§|§Neuheit bis§01.08.2020§|§Verpackungsabmessungen (Breite)§135§mm|§Verpackungsabmessungen (Länge)§390§mm|§Verpackungsabmessungen (Höhe)§70§mm|§Verpackungsabmessungen (Breite x Länge x Höhe)§135 x 390 x 70§mm|§Akkuspannung§18,0 V§|§Leerlaufdrehzahl, bis zu§9.000§min-1|§Leerlaufdrehzahl§9.000§min-1|§Gewicht exkl. Akku§2§kg|§Scheiben-Ø§125§mm|§Unterteilung der Produktkategorien§Akku-Winkelschleifer mit X-LOCK§",,,'https://www.nexmart.com/media/catalog/ampshare/bosch/img-rd-329425-117_jpg/detail.jpg/normal.jpg,0.07,0.135,0.39,1.545,,main_product,1,,,,,,,,Akku-Winkelschleifer mit X-LOCK GWX 18V-10,"GWX 18V-10 (C, 125 mm) solo CLC","Akku-Winkelschleifer mit X-LOCK GWX 18V-10, Der kleine Akku-Winkelschleifer GWX 18V-10 Professional mit X-LOCK bietet eine verbesserte Leistungsfähigkeit und Werkzeugkontrolle im 18V-Segment. Er bietet dank dem leistungsstarken bürstenlosen Motor und der ProCORE18V-Akkutechnologie über den Akku dieselbe Leistung wie ein kabelgebundener Schleifer mit 1.000 Watt. Dieser kleine Winkelschleifer ist mit dem schlüssellosen Klick-System X-LOCK ausgestattet, und ermöglicht damit ein schnelles und bequemes Wechseln der Einsatzwerkzeuge. Darüber hinaus verfügt er über Drop Control, KickBack Control und X-Brake, wodurch maximaler Anwenderschutz und Komfort sichergestellt sind. Das Werkzeug eignet sich zum Schneiden und Abschleifen von Metall, Stein und Beton. Es ist kompatibel mit den Staubabsaugvorrichtungen GDE 125 EA-T Professional und GDE 115 / 125 FC-T Professional sowie mit allen Bosch Professional 18V-Akkus und -Ladegeräten (Professional 18V System). Auch kompatibel mit AMPShare, der markenübergreifenden Akku-Allianz. Der GWX 18V-10 Professional verfügt außerdem über eine Schutzhaube und einen Handgriff mit Vibration Control. Karton. Schutzhaube (1 605 510 365). Zusatzhandgriff (1 602 025 024)",de,BOSCH,False,11,bad
0 601 7B0 100,06017B0100,,"§Titel§Akku-Winkelschleifer mit X-LOCK GWX 18V-10 Professional§|§Neuheit bis§01.08.2020§|§Verpackungsabmessungen (Breite)§135§mm|§Verpackungsabmessungen (Länge)§390§mm|§Verpackungsabmessungen (Höhe)§70§mm|§Verpackungsabmessungen (Breite x Länge x Höhe)§135 x 390 x 70§mm|§Akkuspannung§18,0 V§|§Leerlaufdrehzahl, bis zu§9.000§min-1|§Leerlaufdrehzahl§9.000§min-1|§Gewicht exkl. Akku§2§kg|§Scheiben-Ø§125§mm|§Unterteilung der Produktkategorien§Akku-Winkelschleifer mit X-LOCK§",,,'https://www.nexmart.com/media/catalog/ampshare/bosch/img-rd-329425-117_jpg/detail.jpg/normal.jpg,0.07,0.135,0.39,1.545,,main_product,1,,,,,,,,Cordless angle grinder with X-LOCK GWX 18V-10,"GWX 18V-10 (C, 125 mm) solo CLC",,en,BOSCH,False,12,bad
0 601 9H5 202,06019H5202,,"§Titel§Akku-Bohrschrauber GSR 18V-55 Professional§|§Neuheit bis§01.07.2020§|§Verpackungsabmessungen (Breite)§263§mm|§Verpackungsabmessungen (Länge)§323§mm|§Verpackungsabmessungen (Höhe)§114§mm|§Verpackungsabmessungen (Breite x Länge x Höhe)§263 x 323 x 114§mm|§Bohr-Ø Holz, max.§35§mm|§Akkuspannung§18,0 V§|§Drehmoment (weich)§28§Nm|§Drehmoment (hart)§55§Nm|§Drehmoment (weich/hart/max.)§28/55/-§Nm|§Akkutyp§Lithium-Ionen§|§Leerlaufdrehzahl, 1. Gang, von§0§min-1|§Leerlaufdrehzahl, 1. Gang, bis§460§min-1|§Leerlaufdrehzahl, 2. Gang, von§0§min-1|§Leerlaufdrehzahl, 2. Gang, bis§1.800§min-1|§Leerlaufdrehzahl (1. Gang / 2. Gang)§0 – 460 / 0 – 1.800§min-1|§Bohrfutterspannbereich, min.§1,5§mm|§Bohrfutterspannbereich, max.§13§mm|§Bohrfutterspannbereich, min./max.§1,5 / 13§mm|§Gewicht exkl. Akku§1§kg|§Drehmomentstufen (Standard)§20§|§Drehmomentstufen (zusätzlich)§1§|§Drehmomentstufen§20+1§|§Bohr-Ø Stahl, max.§13§mm|§Schrauben-Ø, max.§10§mm|§Unterteilung der Produktkategorien§Akku-Bohrschrauber§",,,'https://www.nexmart.com/media/catalog/ampshare/bosch/img-rd-375508-117_jpg/detail.jpg/normal.jpg,0.114,0.263,0.32299999999999995,1.6840000000000002,,main_product,1,,,,,,,,Akku-Bohrschrauber GSR 18V-55 ohne Akku und Ladegerät,GSR 18V-55 solo carton,"Akku-Bohrschrauber GSR 18V-55, Der leistungsstarke Akku-Bohrschrauber GSR 18V-55 Professional mit bürstenlosem Motor ist das ideale Einstiegswerkzeug im 18V-Segment von Bosch. Robust und leistungsstark mit einem großen Leistungspotenzial von 55 Nm und 1.800 min⁻¹ bietet das Gerät mühelos höchste Effizienz am Arbeitsplatz, insbesondere beim Arbeiten in Holz und Metall. Dank seines 13-mm-Metallbohrfutters von Roehm ist es robust und bietet für ein breites Spektrum an Bohr- und Schraubanwendungen die ideale Kraftübertragung. Für eine längere Werkzeuglebensdauer und eine höhere Akkulaufleistung ist es mit einem bürstenlosen Motor ausgestattet. Der Bohrschrauber ist für das Bohren in Holz bis zu 35 mm und in Stahl bis zu 13 mm und für Schraubdurchmesser bis zu 10 mm geeignet. Das Gerät ist kompatibel mit allen Bosch Professional 18V-Akkus inkl. ProCORE18V-Akkus und -Ladegeräte (Professional 18V System). Auch kompatibel mit AMPShare, der markenübergreifenden Akku-Allianz. Karton",de,BOSCH,False,11,bad
0 601 9H5 202,06019H5202,,"§Titel§Akku-Bohrschrauber GSR 18V-55 Professional§|§Neuheit bis§01.07.2020§|§Verpackungsabmessungen (Breite)§263§mm|§Verpackungsabmessungen (Länge)§323§mm|§Verpackungsabmessungen (Höhe)§114§mm|§Verpackungsabmessungen (Breite x Länge x Höhe)§263 x 323 x 114§mm|§Bohr-Ø Holz, max.§35§mm|§Akkuspannung§18,0 V§|§Drehmoment (weich)§28§Nm|§Drehmoment (hart)§55§Nm|§Drehmoment (weich/hart/max.)§28/55/-§Nm|§Akkutyp§Lithium-Ionen§|§Leerlaufdrehzahl, 1. Gang, von§0§min-1|§Leerlaufdrehzahl, 1. Gang, bis§460§min-1|§Leerlaufdrehzahl, 2. Gang, von§0§min-1|§Leerlaufdrehzahl, 2. Gang, bis§1.800§min-1|§Leerlaufdrehzahl (1. Gang / 2. Gang)§0 – 460 / 0 – 1.800§min-1|§Bohrfutterspannbereich, min.§1,5§mm|§Bohrfutterspannbereich, max.§13§mm|§Bohrfutterspannbereich, min./max.§1,5 / 13§mm|§Gewicht exkl. Akku§1§kg|§Drehmomentstufen (Standard)§20§|§Drehmomentstufen (zusätzlich)§1§|§Drehmomentstufen§20+1§|§Bohr-Ø Stahl, max.§13§mm|§Schrauben-Ø, max.§10§mm|§Unterteilung der Produktkategorien§Akku-Bohrschrauber§",,,'https://www.nexmart.com/media/catalog/ampshare/bosch/img-rd-375508-117_jpg/detail.jpg/normal.jpg,0.114,0.263,0.32299999999999995,1.6840000000000002,,main_product,1,,,,,,,,Cordless drill driver GSR 18V-55 without battery and charger,GSR 18V-55 solo carton,,en,BOSCH,False,12,bad
0 601 4A3 100,06014A3100,,"§Titel§Radio GPB 18V-2 SC Professional§|§Neuheit bis§01.06.2021§|§Verpackungsabmessungen (Breite)§200§mm|§Verpackungsabmessungen (Länge)§372§mm|§Verpackungsabmessungen (Höhe)§160§mm|§Verpackungsabmessungen (Breite x Länge x Höhe)§200 x 372 x 160§mm|§Akkuspannung§18,0 V§|§Radiofrequenzbereich FM, von§87,5§MHz|§Radiofrequenzbereich FM, bis zu§108§MHz|§Radiofrequenzbereich FM§87,5 – 108§MHz|§Radiofrequenzbereich DAB+, von§174,928§MHz|§Radiofrequenzbereich DAB+, bis§239,2§MHz|§Radiofrequenzbereich DAB+§174,928 – 239,2§MHz|§Speicherplätze FM§8§|§Speicherplätze DAB+§8§|§Eingangsspannung(en) Akku, von§18§V|§Eingangsspannung(en) Akku§18§V|§Speicherplätze§16§|§Eingangsspannung(en) Netz, von§100§V|§Eingangsspannung(en) Netz, bis zu§240§V|§Eingangsspannung(en) Netz§100 – 240§V|§Ausgangsspannung(en) Netz§18§V|§Gewicht exkl. Akku§2,5§kg|§Nennleistung Verstärker (bei Netzbetrieb)§15§W|§Unterteilung der Produktkategorien§Radio§",,,'https://www.nexmart.com/media/catalog/ampshare/bosch/img-rd-332751-117_jpg/detail.jpg/normal.jpg,0.16,0.2,0.37200000000000005,2.89,,main_product,1,,,,,,,,,GPB 18V-2 SC (C) CLC,"Radio GPB 18V-2 SC, Das GPB 18V-2 SC Professional bietet flexible, mobile und digitale Radiounterhaltung mit DAB+ und Bluetooth®-Empfang. Dieses Gerät liefert den ganzen Tag lang den perfekten Soundtrack für angenehmes Arbeiten – dank seiner extremen Flexibilität mit DAB+, Bluetooth®, FM-Empfang und AUX-Option. Es kann mit einem 18V-Akku oder mit Netzstrom betrieben werden und bietet eine intuitive Bedienung, schnelle Einrichtung, USB-Lademöglichkeit und IP 54-Schutz. Das Radio ist senkrecht oder waagerecht aufstellbar und verfügt sowohl über einen Griff als auch einen Haken für einfachen Transport und praktische Lagerung. Diese Vorteile werden zusätzlich durch ein kompaktes Design unterstützt. Dank seiner Funktion zur Verbindung von zwei Radios mit einem Smartphone kann der Benutzer einen einzigartigen Stereoklang genießen. Dieses Radio wurde für digitalen Radioempfang und die Wiedergabe von Musik über Smartphones entwickelt. Das Gerät ist mit Bosch Professional 18V-Akkus kompatibel (1,5 bis 8 Ah). Kompatibel mit dem Bosch Professional 18V System und mit der markenübergreifenden AMPShare Akku Allianz. Die zwei Lautsprecher des GPB 18V-2 SC Professional mit insgesamt 15 Watt liefern einen hervorragenden Klang, während die zusätzlichen Passivmembranen für eine bessere Basswiedergabe sorgen. Karton. 1 x DC-in Netzadapter (ET-Nr. 1 619 PB4 880). 1 x Aux-Kabel. 1 x 3 V CR2032 Lithium-Knopfzellenbatterie",de,BOSCH,False,12,bad
0 601 4A3 100,06014A3100,,"§Titel§Radio GPB 18V-2 SC Professional§|§Neuheit bis§01.06.2021§|§Verpackungsabmessungen (Breite)§200§mm|§Verpackungsabmessungen (Länge)§372§mm|§Verpackungsabmessungen (Höhe)§160§mm|§Verpackungsabmessungen (Breite x Länge x Höhe)§200 x 372 x 160§mm|§Akkuspannung§18,0 V§|§Radiofrequenzbereich FM, von§87,5§MHz|§Radiofrequenzbereich FM, bis zu§108§MHz|§Radiofrequenzbereich FM§87,5 – 108§MHz|§Radiofrequenzbereich DAB+, von§174,928§MHz|§Radiofrequenzbereich DAB+, bis§239,2§MHz|§Radiofrequenzbereich DAB+§174,928 – 239,2§MHz|§Speicherplätze FM§8§|§Speicherplätze DAB+§8§|§Eingangsspannung(en) Akku, von§18§V|§Eingangsspannung(en) Akku§18§V|§Speicherplätze§16§|§Eingangsspannung(en) Netz, von§100§V|§Eingangsspannung(en) Netz, bis zu§240§V|§Eingangsspannung(en) Netz§100 – 240§V|§Ausgangsspannung(en) Netz§18§V|§Gewicht exkl. Akku§2,5§kg|§Nennleistung Verstärker (bei Netzbetrieb)§15§W|§Unterteilung der Produktkategorien§Radio§",,,'https://www.nexmart.com/media/catalog/ampshare/bosch/img-rd-332751-117_jpg/detail.jpg/normal.jpg,0.16,0.2,0.37200000000000005,2.89,,main_product,1,,,,,,,,Radio GPB 18V-2 SC,GPB 18V-2 SC (C) CLC,,en,BOSCH,False,12,bad
0 601 B43 000,0601B43000,,"§Neigungseinstellung, links§47§°|§Neigungseinstellung, rechts§47§°|§Neigungseinstellung§47 ° L / 47 ° R§|§Titel§Akku-Kapp- und Gehrungssäge BITURBO GCM 18V-305 GDC Professional§|§Neuheit bis§01.12.2020§|§SOL Datum§20.11.2020§|§Verpackungsabmessungen (Breite)§585§mm|§Verpackungsabmessungen (Länge)§783§mm|§Verpackungsabmessungen (Höhe)§572§mm|§Verpackungsabmessungen (Breite x Länge x Höhe)§585 x 783 x 572§mm|§Akkuspannung§18,0 V§|§Sägeblattdurchmesser§305§mm|§Gewicht§26,6§kg|§Schnittkapazität bei 0°, Höhe§104§mm|§Schnittkapazität bei 0°, Breite§341§mm|§Schnittkapazität 0°§104 x 341§mm|§Schneidekapazität 0° mit Abstandshalter (max. vertikal), Höhe§120§mm|§Schneidekapazität 0° mit Abstandshalter (max. vertikal), Breite§200§mm|§Schnittkapazität 0° mit Abstandshalter (max. vertikal)§120 x 200§mm|§Schneidekapazität 0° mit Abstandshalter (max. horizontal), Höhe§45§mm|§Schneidekapazität 0° mit Abstandshalter (max. horizontal), Breite§400§mm|§Schnittkapazität 0° mit Abstandshalter (max. horizontal)§45 x 400§mm|§Schnittkapazität bei 45° Gehrung, Höhe§104§mm|§Schnittkapazität bei 45° Gehrung, Breite§240§mm|§Schnittkapazität 45° Gehrung§104 x 240§mm|§Schnittkapazität bei 45° Neigung, Höhe§40§mm|§Schnittkapazität bei 45° Neigung, Breite§341§mm|§Schnittkapazität 45°-Neigung§40 x 341§mm|§Gehrungseinstellung, links§52§°|§Gehrungseinstellung, rechts§60§°|§Gehrungseinstellung§52 ° L / 60 ° R§|§Werkzeugabmessungen (Breite)§565§mm|§Werkzeugabmessungen (Länge)§630§mm|§Werkzeugabmessungen (Höhe)§790§mm|§Werkzeugabmessungen (Breite x Länge x Höhe)§565 x 630 x 790§mm|§Leerlaufdrehzahl, von§2.550§min-1|§Leerlaufdrehzahl, bis zu§4.000§min-1|§Leerlaufdrehzahl§2.550 – 4.000§min-1|§Sägeblattbohrungs-Ø§30§mm|§Unterteilung der Produktkategorien§Akku-Kapp- und Gehrungssäge BITURBO§",,,'https://www.nexmart.com/media/catalog/ampshare/bosch/img-rd-331495-117_jpg/detail.jpg/normal.jpg,0.5720000000000001,0.585,0.7829999999999999,32.7,,main_product,1,,,,,,,,Akku-Kapp- und Gehrungssäge BITURBO GCM18V-305 GDC,GCM 18V-305 GDC (C),"Akku-Kapp- und Gehrungssäge BITURBO GCM 18V-305 GDC, Die Akku-Kapp- und Gehrungssäge GCM 18V-305 GDC Professional BITURBO bietet eine leistungsstarke Schnitttiefe mit Schnitten bis zu 120 mm. Der bürstenlose Motor der Kapp- und Gehrungssäge wurde für die ProCORE18V-Technologie umfassend optimiert und liefert kabellose Leistung, die der eines Kabelgeräts mit 2.000 W entspricht. Diese Säge bietet ein User Interface und Konnektivität für schnelles Prüfen des Akkuladestatus sowie Drehzahlvorwahl inklusive ECO-Modus. Merkmale wie der werkzeuglose Sägeblattwechsel, die Neigungseinstellung an der Vorderseite und die Motorbremse sorgen für mehr Sicherheit bei der Säge. Das Werkzeug ist ideal für Schifterschnitte und eine Vielzahl von Materialen. Die Säge kann auf zahlreiche verschiedene Bosch GTA-Arbeitstische montiert werden. Diese Kapp- und Gehrungssäge ist kompatibel mit allen Bosch Professional 18V-Akkus und -Ladegeräten (Professional 18V System). für maximale Leistung ProCORE18V ≥ 5,5 Ah verwenden. Auch kompatibel mit AMPShare, der markenübergreifenden Akku-Allianz. Die GCM 18V-305 GDC Professional liefert mit nur einem Akku volle Leistung, auch bei schwierigen Anwendungen. Drehzahlvorwahl und das große Angebot an Bosch Sägeblättern machen diese Kapp- und Gehrungssäge perfekt für die Arbeit mit fast jedem Material. 1 x Akkusägeblatt, Expert for Wood, 305 x 2,2/1,6 x 30 mm, 60 (2 608 644 528). Einlegeplatte (1 609 B02 375). 1 x Bluetooth Low Energy Modul GCY 42 Professional (1 600 A01 6NH). Karton. Staubsack (ET-Nr. 1 609 B05 010). SDS-Sägeblattarretierung (ET-Nr. 1 609 B05 323). Klemme (1 609 B06 203). Innensechskant (ET-Nr. 1 609 B00 256)",de,BOSCH,False,11,bad
0 601 B43 000,0601B43000,,"§Neigungseinstellung, links§47§°|§Neigungseinstellung, rechts§47§°|§Neigungseinstellung§47 ° L / 47 ° R§|§Titel§Akku-Kapp- und Gehrungssäge BITURBO GCM 18V-305 GDC Professional§|§Neuheit bis§01.12.2020§|§SOL Datum§20.11.2020§|§Verpackungsabmessungen (Breite)§585§mm|§Verpackungsabmessungen (Länge)§783§mm|§Verpackungsabmessungen (Höhe)§572§mm|§Verpackungsabmessungen (Breite x Länge x Höhe)§585 x 783 x 572§mm|§Akkuspannung§18,0 V§|§Sägeblattdurchmesser§305§mm|§Gewicht§26,6§kg|§Schnittkapazität bei 0°, Höhe§104§mm|§Schnittkapazität bei 0°, Breite§341§mm|§Schnittkapazität 0°§104 x 341§mm|§Schneidekapazität 0° mit Abstandshalter (max. vertikal), Höhe§120§mm|§Schneidekapazität 0° mit Abstandshalter (max. vertikal), Breite§200§mm|§Schnittkapazität 0° mit Abstandshalter (max. vertikal)§120 x 200§mm|§Schneidekapazität 0° mit Abstandshalter (max. horizontal), Höhe§45§mm|§Schneidekapazität 0° mit Abstandshalter (max. horizontal), Breite§400§mm|§Schnittkapazität 0° mit Abstandshalter (max. horizontal)§45 x 400§mm|§Schnittkapazität bei 45° Gehrung, Höhe§104§mm|§Schnittkapazität bei 45° Gehrung, Breite§240§mm|§Schnittkapazität 45° Gehrung§104 x 240§mm|§Schnittkapazität bei 45° Neigung, Höhe§40§mm|§Schnittkapazität bei 45° Neigung, Breite§341§mm|§Schnittkapazität 45°-Neigung§40 x 341§mm|§Gehrungseinstellung, links§52§°|§Gehrungseinstellung, rechts§60§°|§Gehrungseinstellung§52 ° L / 60 ° R§|§Werkzeugabmessungen (Breite)§565§mm|§Werkzeugabmessungen (Länge)§630§mm|§Werkzeugabmessungen (Höhe)§790§mm|§Werkzeugabmessungen (Breite x Länge x Höhe)§565 x 630 x 790§mm|§Leerlaufdrehzahl, von§2.550§min-1|§Leerlaufdrehzahl, bis zu§4.000§min-1|§Leerlaufdrehzahl§2.550 – 4.000§min-1|§Sägeblattbohrungs-Ø§30§mm|§Unterteilung der Produktkategorien§Akku-Kapp- und Gehrungssäge BITURBO§",,,'https://www.nexmart.com/media/catalog/ampshare/bosch/img-rd-331495-117_jpg/detail.jpg/normal.jpg,0.5720000000000001,0.585,0.7829999999999999,32.7,,main_product,1,,,,,,,,Cordless mitre saw BITURBO GCM18V-305 GDC,GCM 18V-305 GDC (C),,en,BOSCH,False,12,bad
0 611 914 001,0611914001,,"§Titel§Akku-Bohrhammer BITURBO mit SDS plus GBH 18V-34 CF Professional§|§Neuheit bis§01.04.2021§|§Werkzeugabmessungen (Länge)§430§mm|§Verpackungsabmessungen (Breite)§499§mm|§Verpackungsabmessungen (Länge)§618§mm|§Verpackungsabmessungen (Höhe)§147§mm|§Verpackungsabmessungen (Breite x Länge x Höhe)§499 x 618 x 147§mm|§Akkuspannung§18,0 V§|§Schlagenergie (gemäß EPTA 05/2016)§5,8§J|§Schlagzahl bei Nenndrehzahl, von§0§bpm|§Schlagzahl bei Nenndrehzahl, bis zu§2.900§bpm|§Schlagzahl bei Nenndrehzahl§0 – 2.900§bpm|§Nenndrehzahl, von§0§min-1|§Nenndrehzahl, bis zu§500§min-1|§Nenndrehzahl§0 – 500§min-1|§Gewicht exkl. Akku§4,9§kg|§Werkzeugaufnahme§SDS plus§|§Bohr-Ø Beton mit Hammerbohrern, von§8§mm|§Bohr-Ø Beton mit Hammerbohrern, bis§32§mm|§Bohr-Ø in Beton mit Hammerbohrern§8 – 32§mm|§Rec. app. range in concr. with ham. dr. bits, from§12§mm|§Rec. app. range in concr. with hammer dr. bits, to§30§mm|§Optimaler Einsatzbereich Beton mit Hammerbohrern§12 – 30§mm|§Max. Bohrdurchmesser in Metall§13§mm|§Max. Bohr-Ø Holz§40§mm|§Unterteilung der Produktkategorien§Akku-Bohrhammer BITURBO mit SDS plus§",,,'https://www.nexmart.com/media/catalog/ampshare/bosch/img-rd-316331-117_jpg/detail.jpg/normal.jpg,0.147,0.499,0.618,5.013999999999999,,main_product,1,,,,,,,,Akku-Bohrhammer BITURBO mit SDS plus GBH 18V-34 CF,,"Akku-Bohrhammer BITURBO mit SDS plus GBH 18V-34 CF, Perfekt für anspruchsvolle Arbeiten in Beton – der GBH 18V-34 CF Professional von Bosch ist der leistungsstärkste SDS plus-Akku-Hammer, ideal für anspruchsvolle Anwendungen. Dank der BITURBO Brushless Technologie und ProCORE18V-Akku bietet dieses Kraftpaket eine herausragende Leistung von 5,8 J und ist damit der leistungsstärkste Akku-Hammer mit SDS plus in seiner Klasse. Dank Sanftanlauffunktion für präzises Meißeln und 3 verschiedener Betriebsarten (Auto, Favorite, Soft), über die für jede Aufgabe die richtige Einstellung sichergestellt wird, ist während der Arbeit eine perfekte Werkzeugkontrolle garantiert. Der 18V-34 CF ist gleichzeitig der intelligenteste SDS plus-Hammer mit Anzeige des Werkzeugstatus in Echtzeit über das User Interface und der Möglichkeit zur individuellen Anpassung über Bluetooth Connectivity zur Bosch Toolbox App. Dieses Werkzeug eignet sich bestens zum Hammerbohren und Meißeln in Beton, Ziegelstein und Stein. Das Gerät ist kompatibel mit allen Bosch Professional 18V-Akkus und -Ladegeräten (Professional 18V System). Für maximale Leistung: ProCORE18V ≥ 8,0 Ah. Auch kompatibel mit AMPShare, der markenübergreifenden Akku-Allianz. 1 x Bluetooth Low Energy Modul GCY 42 Professional (1 600 A01 3WF). Handwerkerkoffer (ET-Nr. 1 605 438 1G2). Zusatzhandgriff (2 608 000 703). Tiefenanschlag (ET-Nr. 1 613 001 009). Wechselfutter SDS plus (2 608 000 704). Schnellwechselbohrfutter 1,5 - 13 mm (2 608 000 710). Fetttube (ET-Nr. 1 615 430 010). Maschinentuch (ET-Nr. 1 619 200 413)",de,BOSCH,False,12,bad
0 611 914 001,0611914001,,"§Titel§Akku-Bohrhammer BITURBO mit SDS plus GBH 18V-34 CF Professional§|§Neuheit bis§01.04.2021§|§Werkzeugabmessungen (Länge)§430§mm|§Verpackungsabmessungen (Breite)§499§mm|§Verpackungsabmessungen (Länge)§618§mm|§Verpackungsabmessungen (Höhe)§147§mm|§Verpackungsabmessungen (Breite x Länge x Höhe)§499 x 618 x 147§mm|§Akkuspannung§18,0 V§|§Schlagenergie (gemäß EPTA 05/2016)§5,8§J|§Schlagzahl bei Nenndrehzahl, von§0§bpm|§Schlagzahl bei Nenndrehzahl, bis zu§2.900§bpm|§Schlagzahl bei Nenndrehzahl§0 – 2.900§bpm|§Nenndrehzahl, von§0§min-1|§Nenndrehzahl, bis zu§500§min-1|§Nenndrehzahl§0 – 500§min-1|§Gewicht exkl. Akku§4,9§kg|§Werkzeugaufnahme§SDS plus§|§Bohr-Ø Beton mit Hammerbohrern, von§8§mm|§Bohr-Ø Beton mit Hammerbohrern, bis§32§mm|§Bohr-Ø in Beton mit Hammerbohrern§8 – 32§mm|§Rec. app. range in concr. with ham. dr. bits, from§12§mm|§Rec. app. range in concr. with hammer dr. bits, to§30§mm|§Optimaler Einsatzbereich Beton mit Hammerbohrern§12 – 30§mm|§Max. Bohrdurchmesser in Metall§13§mm|§Max. Bohr-Ø Holz§40§mm|§Unterteilung der Produktkategorien§Akku-Bohrhammer BITURBO mit SDS plus§",,,'https://www.nexmart.com/media/catalog/ampshare/bosch/img-rd-316331-117_jpg/detail.jpg/normal.jpg,0.147,0.499,0.618,5.013999999999999,,main_product,1,,,,,,,,Cordless rotary hammer BITURBO with SDS plus GBH 18V-34 CF,GBH 18V-34 CF (CC) solo CLC,,en,BOSCH,False,12,bad
0 601 6B5 000,06016B5000,,"§Sägeblattdurchmesser§190§mm|§Sägeblattbohrungs-Ø§30§mm|§Max. Schnittkapazität in Holz (90°)§70§mm|§Max. Schnittkapazität in Holz (45°)§49,5§mm|§Titel§Akku-Kreissäge BITURBO GKS 18V-68 C Professional§|§Neuheit bis§01.12.2020§|§Verpackungsabmessungen (Breite)§280§mm|§Verpackungsabmessungen (Länge)§435§mm|§Verpackungsabmessungen (Höhe)§245§mm|§Verpackungsabmessungen (Breite x Länge x Höhe)§280 x 435 x 245§mm|§Akkuspannung§18,0 V§|§Gewicht inkl. Akku§0,0§kg|§Leerlaufdrehzahl, von§5.000§min-1|§Leerlaufdrehzahl§5.000§min-1|§Gewicht exkl. Akku§4§kg|§Führungsschienenkompatibel§Nein§|§Max. Schnittkapazität in Metall (90°)§0§mm|§Unterteilung der Produktkategorien§Akku-Kreissäge BITURBO§",,,'https://www.nexmart.com/media/catalog/ampshare/bosch/img-rd-319929-117_jpg/detail.jpg/normal.jpg,0.245,0.28,0.435,4.654,,main_product,1,,,,,,,,"Akku-Kreissäge BITURBO GKS 18V-68 C mit Parallelanschlag, 1x Kreissägeblatt",GKS 18V-68 C (C) solo CLC,"Akku-Kreissäge BITURBO GKS 18V-68 C, Hohe Leistung – Die Kreissäge GKS 18V-68 C Professional bietet höhere Schnittgeschwindigkeiten und längere Laufzeiten als kabelgebundene Sägen. Dieses leistungsstarke BITURBO18V-Werkzeug mit bürstenlosem Motor liefert eine außergewöhnlich starke Leistung, die der einer kabelgebundenen 1.800-W-Säge entspricht, bietet aber gleichzeitig umfassende Wendigkeit und kabellose Freiheit. Dank der hervorragenden Ergonomie der Säge und einem innovativen Zusatzhandgriff ist in allen Schnittpositionen eine ideale Werkzeugkontrolle möglich. Mit einer Schnitttiefe von bis zu 70 mm bei 90°-Schnitten erreicht diese Kreissäge eine ausgezeichnete Schnittleistung. Die GKS 18V-68 C eignet sich zum Sägen von Holz oder Holzverbundstoffen. Verwendbar mit dem Bosch Click & Clean-Staubabsaugsystem und Staubsäcken. Das Gerät ist mit allen Bosch Professional 18-Volt-Akkus und -Ladegeräten kompatibel. Für maximale Leistung: ProCORE18V ≥ 5,5 Ah. Auch kompatibel mit AMPShare, der markenübergreifenden Akku-Allianz. Die GKS 18V-68 C Professional ist außerdem mit einem Schnellbremssystem, einem Überlast- und Wiederanlaufschutz, einer Spindelarretierung und einem eingebauten, um 360° drehbaren Absaugstutzen ausgestattet. Parallelanschlag (1 608 190 007). 1 x Kreissägeblatt, Standard for Wood, 190 x 30 x 1,6 mm (2 608 837 708). Karton",de,BOSCH,False,11,bad
0 601 6B5 000,06016B5000,,"§Sägeblattdurchmesser§190§mm|§Sägeblattbohrungs-Ø§30§mm|§Max. Schnittkapazität in Holz (90°)§70§mm|§Max. Schnittkapazität in Holz (45°)§49,5§mm|§Titel§Akku-Kreissäge BITURBO GKS 18V-68 C Professional§|§Neuheit bis§01.12.2020§|§Verpackungsabmessungen (Breite)§280§mm|§Verpackungsabmessungen (Länge)§435§mm|§Verpackungsabmessungen (Höhe)§245§mm|§Verpackungsabmessungen (Breite x Länge x Höhe)§280 x 435 x 245§mm|§Akkuspannung§18,0 V§|§Gewicht inkl. Akku§0,0§kg|§Leerlaufdrehzahl, von§5.000§min-1|§Leerlaufdrehzahl§5.000§min-1|§Gewicht exkl. Akku§4§kg|§Führungsschienenkompatibel§Nein§|§Max. Schnittkapazität in Metall (90°)§0§mm|§Unterteilung der Produktkategorien§Akku-Kreissäge BITURBO§",,,'https://www.nexmart.com/media/catalog/ampshare/bosch/img-rd-319929-117_jpg/detail.jpg/normal.jpg,0.245,0.28,0.435,4.654,,main_product,1,,,,,,,,"Cordless circular saw BITURBO GKS 18V-68 C with parallel guide, 1x saw blade",GKS 18V-68 C (C) solo CLC,,en,BOSCH,False,12,bad
0 611 913 000,0611913000,,"§Titel§Akku-Bohrhammer BITURBO mit SDS max GBH 18V-45 C Professional§|§Neuheit bis§18.01.2021§|§Werkzeugabmessungen (Länge)§545§mm|§Verpackungsabmessungen (Breite)§411§mm|§Verpackungsabmessungen (Länge)§618§mm|§Verpackungsabmessungen (Höhe)§149§mm|§Verpackungsabmessungen (Breite x Länge x Höhe)§411 x 618 x 149§mm|§Akkukapazität§12,0§Ah|§Akkuspannung§18,0 V§|§Schlagenergie (gemäß EPTA 05/2016)§12,5§J|§Schlagzahl bei Nenndrehzahl, von§0§bpm|§Schlagzahl bei Nenndrehzahl, bis zu§2.740§bpm|§Schlagzahl bei Nenndrehzahl§0 – 2.740§bpm|§Nenndrehzahl, von§0§min-1|§Nenndrehzahl, bis zu§300§min-1|§Nenndrehzahl§0 – 300§min-1|§Gewicht exkl. Akku§8§kg|§Werkzeugaufnahme§SDS max§|§Bohr-Ø Beton mit Hammerbohrern, von§12§mm|§Bohr-Ø Beton mit Hammerbohrern, bis§45§mm|§Bohr-Ø in Beton mit Hammerbohrern§12 – 45§mm|§Rec. app. range in concr. with ham. dr. bits, from§20§mm|§Rec. app. range in concr. with hammer dr. bits, to§40§mm|§Optimaler Einsatzbereich Beton mit Hammerbohrern§20 – 40§mm|§Unterteilung der Produktkategorien§Akku-Bohrhammer BITURBO mit SDS max§",,,'https://www.nexmart.com/media/catalog/ampshare/bosch/img-rd-304306-117_jpg/detail.jpg/normal.jpg,0.149,0.41100000000000003,0.618,7.8,,main_product,1,,,,,,,,"Akku-Bohrhammer BITURBO mit SDS max GBH 18V-45 C, Handwerkerkoffer",GBH 18V-45 C (CC) solo CLC,"Akku-Bohrhammer BITURBO mit SDS max GBH 18V-45 C, Der Bohrhammer GBH 18V-45 C Professional kombiniert kabellose Freiheit mit der Leistung eines Netzgeräts. Sein neuer leistungsstarker bürstenloser Motor und die neuen ProCORE18V-Akkus liefern 12,5 Joule Schlagenergie mit ausreichend Leistung selbst für die anspruchvollsten SDS max-Anwendungen. Gleichzeitig sorgt der optimierte Antriebsstrang für eine deutliche Gewichtsreduzierung des GBH 18V-45 C, was ihn selbst mit einem ProCORE18V 12.0Ah-Akku leichter als vergleichbare kabelgebundene Produkte macht. Zusätzlich zur Überlastkupplung besitzt der GBH 18V-45 C die Funktion KickBack Control, die einen plötzlichen Verlust der Werkzeugkontrolle erkennt. Wenn der Bohrer sich z. B. verkantet, schaltet der Akku-Bohrhammer sofort ab, um das Risiko für Hand- und Armverletzungen zu verringern. Der Bohrhammer eignet sich perfekt zum Bohren und Meißeln in Beton, Stein, Felsgestein und Mauerwerk und ist kompatibel mit allen Bosch Professional 18V-Akkus und -Ladegeräten (Professional 18V System). Für maximale Leistung mit Akku ProCORE18V ≥ 5,5 Ah verwenden. Auch kompatibel mit AMPShare, der markenübergreifenden Akku-Allianz. Das Gerät ist mit KickBack Control ausgestattet, um die Gefahr plötzlicher Werkzeugreaktionen unter Blockadebedingungen durch automatisches Abschalten des Werkzeugs zu reduzieren. Die Sanftanlauftechnologien Electronic Precision Control und Adaptive Speed Control ermöglichen komfortables und präzises Arbeiten beim Bohren und Meißeln. Ein intelligentes User Interface mit Bluetooth Connectivity hilft unerwartete Arbeitsunterbrechungen zu vermeiden und ermöglicht sofortige Updates und individuelle Werkzeugeinstellungen. 1 x Bluetooth Low Energy Modul GCY 42 Professional (1 600 A01 6NH). Zusatzhandgriff (1 607 031 2E7). Fetttube (ET-Nr. 1 615 430 010). Handwerkerkoffer. Maschinentuch",de,BOSCH,False,11,bad
0 611 913 000,0611913000,,"§Titel§Akku-Bohrhammer BITURBO mit SDS max GBH 18V-45 C Professional§|§Neuheit bis§18.01.2021§|§Werkzeugabmessungen (Länge)§545§mm|§Verpackungsabmessungen (Breite)§411§mm|§Verpackungsabmessungen (Länge)§618§mm|§Verpackungsabmessungen (Höhe)§149§mm|§Verpackungsabmessungen (Breite x Länge x Höhe)§411 x 618 x 149§mm|§Akkukapazität§12,0§Ah|§Akkuspannung§18,0 V§|§Schlagenergie (gemäß EPTA 05/2016)§12,5§J|§Schlagzahl bei Nenndrehzahl, von§0§bpm|§Schlagzahl bei Nenndrehzahl, bis zu§2.740§bpm|§Schlagzahl bei Nenndrehzahl§0 – 2.740§bpm|§Nenndrehzahl, von§0§min-1|§Nenndrehzahl, bis zu§300§min-1|§Nenndrehzahl§0 – 300§min-1|§Gewicht exkl. Akku§8§kg|§Werkzeugaufnahme§SDS max§|§Bohr-Ø Beton mit Hammerbohrern, von§12§mm|§Bohr-Ø Beton mit Hammerbohrern, bis§45§mm|§Bohr-Ø in Beton mit Hammerbohrern§12 – 45§mm|§Rec. app. range in concr. with ham. dr. bits, from§20§mm|§Rec. app. range in concr. with hammer dr. bits, to§40§mm|§Optimaler Einsatzbereich Beton mit Hammerbohrern§20 – 40§mm|§Unterteilung der Produktkategorien§Akku-Bohrhammer BITURBO mit SDS max§",,,'https://www.nexmart.com/media/catalog/ampshare/bosch/img-rd-304306-117_jpg/detail.jpg/normal.jpg,0.149,0.41100000000000003,0.618,7.8,,main_product,1,,,,,,,,"Cordless rotary hammer BITURBO with SDS max GBH 18V-45 C, craftsman case",GBH 18V-45 C (CC) solo CLC,,en,BOSCH,False,12,bad
0 601 6C1 100,06016C1100,4059952610627,,,,'https://www.nexmart.com/media/catalog/ampshare/bosch/img-rd-389408-117_jpg/detail.jpg/normal.jpg,0.3,0.245,0.44,2.9,,main_product,1,,,,,,,,Akku-Kreissäge GKS 18V-57-2 L,GKS 18V-57-2 L (solo/ C),"Akku-Kreissäge GKS 18V-57-2 L, Die kompakte Akku-Kreissäge GKS 18V 57-2 L Professional – mit linksseitigem Sägeblatt – liefert dank ihres kraftvollen, bürstenlosen Motors eine beeindruckende Leistung. Das 165-mm-Sägeblatt erlaubt eine Schnitttiefe von 57 mm bei 90°-Schnitten und wurde für kabelfreies Arbeiten optimiert, so dass sowohl ein schneller Schnittfortschritt als auch eine maximale Akkulaufzeit gewährleistet sind. Sie ist mit einem um 360° drehbaren Absaugstutzen ausgestattet, der mit dem Click&Clean System kompatibel ist. Dies fördert eine hohe Staubabsaugeffizienz und garantiert dem Anwender einen höheren Gesundheitsschutz. Die GKS 18V 57-2 L Professional eignet sich zum Sägen von Holz und Holzverbundstoffen. Sie ist kompatibel mit dem Bosch Professional 18V System. Für maximale Leistung ProCORE ≥ 5,5 Ah verwenden. Auch kompatibel mit AMPShare, der markenübergreifenden Akku-Allianz. Sie ist mit Schnellbremssystem, Staubblasfunktion, LED-Licht, Vorderhandgriff für perfekte Kontrolle und Spindelarretierung ausgestattet. Außerdem bietet sie die Möglichkeit zur Befestigung eines separaten Lattenhakens. Karton. 1 x Parallelanschlag (2 608 000 822). 1 x Kreissägeblatt, Standard for Wood, 165 x 1,5/1,0 x 20 mm, 24 (2 608 842 861)",de,BOSCH,False,11,bad
0 601 6C1 100,06016C1100,4059952610627,,,,'https://www.nexmart.com/media/catalog/ampshare/bosch/img-rd-389408-117_jpg/detail.jpg/normal.jpg,0.3,0.245,0.44,2.9,,main_product,1,,,,,,,,Cordless circular saw GKS 18V-57-2 L,GKS 18V-57-2 L (solo/ C),,en,BOSCH,False,12,bad
0 601 5B2 001,06015B2001,4059952589084,,,,'https://www.nexmart.com/media/catalog/ampshare/bosch/img-rd-388801-117_jpg/detail.jpg/normal.jpg,0.23,0.1,0.29,1.931,,main_product,1,,,,,,,,Akku-Stichsäge GST 18V-125 S,GST 18V-125 S (solo/ C),"Akku-Stichsäge GST 18V-125 S, Das robuste Design und der kraftvolle bürstenlose Motor der GST 18V-125 S Professional (mit Stabgriff) sorgen für eine hervorragende Laufzeit und längere Lebensdauer des Werkzeugs. Die Akku-Stichsäge mit einem optimalen Preis-Leistungsverhältnis in ihrem Segment ist ein zuverlässiger Problemlöser für alle Anwendungen. Die GST 18V-125 S Professional bietet eine einfache Lösung, die auf wichtige Kernfunktionen wie SDS-Sägeblatthalter, LED, 4-stufigen Pendelhub, Staubblasfunktion und Drehzahlvorwahl fokussiert ist. Diese Akku-Stichsäge eignet sich ideal für Rund- und Querschnitte in Massivholz, Spanplatten und Holzverbundwerkstoffen sowie in dickeren oder härteren Materialien. Mit Adapter kann sie mit Führungsschienen verwendet werden. Das Werkzeug ist kompatibel mit externer Staubabsaugung und allen Bosch Professional 18V-Akkus und -Ladegeräten (Professional 18V System). Auch kompatibel mit AMPShare, der markenübergreifenden Akku-Allianz. Die Fußplatte der GST 18V-125 S Professional kann bis auf einen Winkel von 45° für Neigungsschnitte eingestellt werden. Das Werkzeug wird mit einer abnehmbaren Kunststoff-Abdeckhaube für den Schutz von empfindlichen Werkstücken geliefert. 1 x Stichsägeblatt T 144 D, Speed for Wood (separat erhältlich als 3er-Pack: 2 608 630 560). Absaug-Set (ET-Nr. 1 619 P17 472). Spanreißschutz (2 601 016 096)",de,BOSCH,False,11,bad
0 601 5B2 001,06015B2001,4059952589084,,,,'https://www.nexmart.com/media/catalog/ampshare/bosch/img-rd-388801-117_jpg/detail.jpg/normal.jpg,0.23,0.1,0.29,1.931,,main_product,1,,,,,,,,Cordless jigsaw GST 18V-125 S,GST 18V-125 S (solo/ C),,en,BOSCH,False,12,bad
ESG105RMCPCFB,ESG105RMCPCFB,4059577030725,§Ausführung/Betätigung§akku-hydraulisch§|§Geeignet für max. Kabeldurchmesser§105§mm|§Max. Kabelquerschnitt§8660§mm²|§Geeignet für mehrdrähtige Leiter§true§|§Geeignet für feindrähtige Leiter§false§|§Geeignet für massive Leiter§true§|§Geeignet für Stahldrahtumflechtung§false§|§Gesamtlänge§620§mm|§Schneidkopf auswechselbar§false§|§Schneidbacken auswechselbar§true§|§Mit Abisolierfunktion§false§|§Isoliert§false§|§Schutzisoliert 1000 V§false§|§Griffausführung§2-Komponenten§|§Mit Aufprallschutz§false§|§VDE-geprüft§false§,,,,,,,17.3,,,1,§Ausführung/Betätigung§akku-hydraulisch§§|§Geeignet für max. Kabeldurchmesser§105§§|§Max. Kabelquerschnitt§8660§§|§Geeignet für mehrdrähtige Leiter§true§§|§Geeignet für feindrähtige Leiter§false§§|§Geeignet für massive Leiter§true§§|§Geeignet für Stahldrahtumflechtung§false§§|§Gesamtlänge§620§§|§Schneidkopf auswechselbar§false§§|§Schneidbacken auswechselbar§true§§|§Mit Abisolierfunktion§false§§|§Isoliert§false§§|§Schutzisoliert 1000 V§false§§|§Griffausführung§2-Komponenten§§|§Mit Aufprallschutz§false§§|§VDE-geprüft§false§§,EC000142,,,,,,Akkuhydraulisches Schneidwerkzeug mit Fernbedienung Ø 105 mm Bosch,,"Akkuhydraulisches Schneidwerkzeug mit Fernbedienung Ø 105 mm Bosch, deutsches Display",de,GUSTAV KLAUKE GMBH,False,14,bad
LBOXXEK354CFB,LBOXXEK354CFB,4012078922135,§Geeignet für§Kabelschuhe und Verbinder§|§Pressform§universal (Wechseleinsätze)§|§Querschnitt§6§mm²|§AWG-Bereich§6§|§Länge§360§mm|§Mit Sperrvorrichtung (bei mechanischen Werkzeugen)§false§|§Ausführung/Betätigung§akku-hydraulisch§|§Einsätze auswechselbar§true§|§Anzahl der mitgelieferten Einsätze§1§|§Mit automatischem Rücklauf§true§|§Zykluszeit§-§s|§Presskraft§-§kN,,,,,,,5.31,,,1,§Geeignet für§Kabelschuhe und Verbinder§§|§Pressform§universal (Wechseleinsätze)§§|§Querschnitt§6§§|§AWG-Bereich§6§§|§Länge§360§§|§Mit Sperrvorrichtung (bei mechanischen Werkzeugen)§false§§|§Ausführung/Betätigung§akku-hydraulisch§§|§Einsätze auswechselbar§true§§|§Anzahl der mitgelieferten Einsätze§1§§|§Mit automatischem Rücklauf§true§§|§Zykluszeit§-§§|§Presskraft§-§§,EC000168,,,,,,"L-BOXX mit akkuhydraulischem Presswerkzeug, 6-150 mm², Akku Bosch",,"L-BOXX mit akkuhydraulischem Presswerkzeug EK354CFB, 6-150 mm², Akku Hersteller Bosch",de,GUSTAV KLAUKE GMBH,False,14,bad
LBOXXEKM60IDCFB,LBOXXEKM60IDCFB,4012078922340,§Geeignet für§verschiedene Anwendungen§|§Pressform§Dornpressung§|§Querschnitt§10§mm²|§AWG-Bereich§10§|§Länge§429§mm|§Mit Sperrvorrichtung (bei mechanischen Werkzeugen)§false§|§Ausführung/Betätigung§akku-hydraulisch§|§Einsätze auswechselbar§false§|§Anzahl der mitgelieferten Einsätze§1§|§Mit automatischem Rücklauf§true§|§Zykluszeit§-§s|§Presskraft§-§kN,,,,,,,6.45,,,1,§Geeignet für§verschiedene Anwendungen§§|§Pressform§Dornpressung§§|§Querschnitt§10§§|§AWG-Bereich§10§§|§Länge§429§§|§Mit Sperrvorrichtung (bei mechanischen Werkzeugen)§false§§|§Ausführung/Betätigung§akku-hydraulisch§§|§Einsätze auswechselbar§false§§|§Anzahl der mitgelieferten Einsätze§1§§|§Mit automatischem Rücklauf§true§§|§Zykluszeit§-§§|§Presskraft§-§§,EC000168,,,,,,"L-BOXX mit akkuhydraulischem Presswerkzeug, 10-240 mm², Akku Bosch",,"L-BOXX mit akkuhydraulischem Presswerkzeug EKM60IDCFB, 10 - 240 mm², Akku Hersteller Bosch",de,GUSTAV KLAUKE GMBH,False,14,bad
LS100FLEXCFB,LS100FLEXCFB,4012078964517,§Lochergrößen§152.4§mm|§Lochergrößen PG§48§|§Lochergrößen ISO§63§|§Anzahl der Blechlocher§0§|§Anzahl der Zugbolzen§2§|§Zu bearbeitender Werkstoff§sonstige§|§Mit Werkzeug§true§|§Betätigungsart hydraulisch§true§|§Betätigungsart mechanisch§false§|§Spaltlocher§false§|§Mit Koffer/Tasche§true§,,,,,,,6.05,,,1,§Lochergrößen§152.4§§|§Lochergrößen PG§48§§|§Lochergrößen ISO§63§§|§Anzahl der Blechlocher§0§§|§Anzahl der Zugbolzen§2§§|§Zu bearbeitender Werkstoff§sonstige§§|§Mit Werkzeug§true§§|§Betätigungsart hydraulisch§true§§|§Betätigungsart mechanisch§false§§|§Spaltlocher§false§§|§Mit Koffer/Tasche§true§§,EC002121,,,,,,"Lochstanze m. drehb. Kopf mit Bosch Akku, mit Zubehör im Koffer",,"LS 100 FLEX Akkuhydraulisches Stanzwerkzeug, hohe Flexibilität mittels drehbaren Kopf 360°, ein integrierter Drucksensor erhöht die Lebensdauer der Lochstempel, automatische Endabschaltung erhöht die Standzeiten der Werkzeuge. Bosch 18V Plattform",de,GUSTAV KLAUKE GMBH,False,14,bad
